cluster_kmeans,total_ingresos_pyme,num_transacciones_pyme,duracion_cliente_dias,recencia_dias,num_facturas_pyme,num_boletas_pyme
0,29393.628749999996,25.525,536.2,142.8,14.55,10.975
1,18068.37298245614,19.105263157894736,637.3859649122807,45.26315789473684,9.631578947368421,9.473684210526315
2,15402.418793103448,15.344827586206897,442.86206896551727,225.58620689655172,7.827586206896552,7.517241379310345
