cluster_kmedoids,ingresos_totales,ticket_promedio,cantidad_total,cantidad_promedio_venta,numero_transacciones,numero_productos_unicos,periodo_actividad_dias
0,38119.235789473685,1148.88036616233,6388.403508771929,195.23581929961077,33.01754385964912,16.57894736842105,804.1578947368421
1,32567.359464285717,1473.6330544719217,3589.8035714285716,162.44999734527758,22.232142857142858,13.5,759.1785714285714
2,16171.36380952381,849.8671979158322,3708.309523809524,189.35434165758767,19.452380952380953,12.071428571428571,725.952380952381
